<?xml version="1.0" encoding="UTF-8"?>
<project-private xmlns="http://www.netbeans.org/ns/project-private/1">
    <editor-bookmarks xmlns="http://www.netbeans.org/ns/editor-bookmarks/2" lastBookmarkId="0"/>
    <open-files xmlns="http://www.netbeans.org/ns/projectui-open-files/2">
        <group>
            <file>file:/D:/Tugas%20Besar%201/TypeAssassin/src/main/TypeAssassin.java</file>
            <file>file:/D:/Tugas%20Besar%201/TypeAssassin/src/app/Monster.java</file>
            <file>file:/D:/Tugas%20Besar%201/TypeAssassin/src/app/Skill.java</file>
            <file>file:/D:/Tugas%20Besar%201/TypeAssassin/src/page/Output.java</file>
            <file>file:/D:/Tugas%20Besar%201/TypeAssassin/src/page/Input.java</file>
            <file>file:/D:/Tugas%20Besar%201/TypeAssassin/src/utilities/IO.java</file>
        </group>
    </open-files>
</project-private>
